{"sources":[{"balance":0.5,"deinterlace_field_order":0,"deinterlace_mode":0,"enabled":true,"filters":[{"balance":0.5,"deinterlace_field_order":0,"deinterlace_mode":0,"enabled":true,"flags":0,"hotkeys":{},"id":"color_filter","mixers":0,"monitoring_type":0,"muted":false,"name":"Opacity","prev_ver":453050371,"private_settings":{},"push-to-mute":false,"push-to-mute-delay":0,"push-to-talk":false,"push-to-talk-delay":0,"settings":{"opacity":0.29999999999999999},"sync":0,"versioned_id":"color_filter_v2","volume":1.0}],"flags":0,"hotkeys":{},"id":"image_source","mixers":0,"monitoring_type":0,"muted":false,"name":"IcecicleM","prev_ver":453050371,"private_settings":{},"push-to-mute":false,"push-to-mute-delay":0,"push-to-talk":false,"push-to-talk-delay":0,"settings":{"file":"G:/Streaming_Assets/Effects/IcecicleM.png","unload":true},"sync":0,"versioned_id":"image_source","volume":1.0},{"balance":0.5,"deinterlace_field_order":0,"deinterlace_mode":0,"enabled":true,"filters":[{"balance":0.5,"deinterlace_field_order":0,"deinterlace_mode":0,"enabled":true,"flags":0,"hotkeys":{},"id":"color_filter","mixers":0,"monitoring_type":0,"muted":false,"name":"Opacity","prev_ver":453050371,"private_settings":{},"push-to-mute":false,"push-to-mute-delay":0,"push-to-talk":false,"push-to-talk-delay":0,"settings":{"opacity":0.29999999999999999},"sync":0,"versioned_id":"color_filter_v2","volume":1.0}],"flags":0,"hotkeys":{},"id":"image_source","mixers":0,"monitoring_type":0,"muted":false,"name":"IcecicleR","prev_ver":453050371,"private_settings":{},"push-to-mute":false,"push-to-mute-delay":0,"push-to-talk":false,"push-to-talk-delay":0,"settings":{"file":"G:/Streaming_Assets/Effects/IcecicleL.png","linear_alpha":false,"unload":true},"sync":0,"versioned_id":"image_source","volume":1.0},{"balance":0.5,"deinterlace_field_order":0,"deinterlace_mode":0,"enabled":true,"flags":0,"hotkeys":{},"id":"text_gdiplus","mixers":0,"monitoring_type":0,"muted":false,"name":"Vote2TXT","prev_ver":453050371,"private_settings":{},"push-to-mute":false,"push-to-mute-delay":0,"push-to-talk":false,"push-to-talk-delay":0,"settings":{"color":4283124530,"file":"C:/Vote/textdb/vote2count.txt","font":{"face":"Funkrocker","flags":0,"size":128,"style":"Regular"},"opacity":50,"outline":true,"outline_color":4278190080,"outline_size":4,"read_from_file":true},"sync":0,"versioned_id":"text_gdiplus_v2","volume":1.0},{"balance":0.5,"deinterlace_field_order":0,"deinterlace_mode":0,"enabled":true,"flags":0,"hotkeys":{},"id":"text_gdiplus","mixers":0,"monitoring_type":0,"muted":false,"name":"VoteNoTXT","prev_ver":453050371,"private_settings":{},"push-to-mute":false,"push-to-mute-delay":0,"push-to-talk":false,"push-to-talk-delay":0,"settings":{"align":"left","antialiasing":true,"bk_color":0,"bk_opacity":0,"chatlog_lines":6,"color":16777215,"extents_cx":100,"extents_cy":100,"extents_wrap":true,"font":{"face":"Nunito Black","flags":1,"size":72,"style":"Regular"},"gradient_color":16777215,"gradient_dir":90.0,"gradient_opacity":100,"opacity":100,"outline":true,"outline_color":4286327562,"outline_opacity":100,"outline_size":8,"text":"NO","transform":0,"valign":"top"},"sync":0,"versioned_id":"text_gdiplus_v2","volume":1.0},{"balance":0.5,"deinterlace_field_order":0,"deinterlace_mode":0,"enabled":true,"flags":0,"hotkeys":{"libobs.hide_scene_item.IcecicleR":[],"libobs.hide_scene_item.Vote2TXT":[],"libobs.hide_scene_item.VoteNoTXT":[],"libobs.show_scene_item.IcecicleR":[],"libobs.show_scene_item.Vote2TXT":[],"libobs.show_scene_item.VoteNoTXT":[]},"id":"group","mixers":0,"monitoring_type":0,"muted":false,"name":"Vote Icecicle R","prev_ver":453050371,"private_settings":{},"push-to-mute":false,"push-to-mute-delay":0,"push-to-talk":false,"push-to-talk-delay":0,"settings":{"custom_size":true,"cx":345,"cy":282,"id_counter":0,"items":[{"align":5,"bounds":{"x":0.0,"y":0.0},"bounds_align":0,"bounds_type":0,"crop_bottom":0,"crop_left":0,"crop_right":0,"crop_top":0,"group_item_backup":false,"hide_transition":{"duration":0},"id":16,"locked":true,"name":"IcecicleR","pos":{"x":345.0,"y":0.0},"private_settings":{},"rot":0.0,"scale":{"x":-0.57608693838119507,"y":0.57667934894561768},"scale_filter":"disable","show_transition":{"duration":0},"visible":true},{"align":0,"bounds":{"x":175.0,"y":150.0},"bounds_align":0,"bounds_type":6,"crop_bottom":0,"crop_left":0,"crop_right":55,"crop_top":0,"group_item_backup":false,"hide_transition":{"duration":0},"id":13,"locked":true,"name":"Vote2TXT","pos":{"x":87.0,"y":132.0},"private_settings":{},"rot":0.0,"scale":{"x":1.5957446098327637,"y":1.4609378576278687},"scale_filter":"disable","show_transition":{"duration":0},"visible":true},{"align":5,"bounds":{"x":1.0,"y":1.0},"bounds_align":0,"bounds_type":0,"crop_bottom":0,"crop_left":0,"crop_right":0,"crop_top":0,"group_item_backup":false,"hide_transition":{"duration":0},"id":23,"locked":true,"name":"VoteNoTXT","pos":{"x":76.0,"y":173.0},"private_settings":{},"rot":25.0,"scale":{"x":1.0,"y":1.0},"scale_filter":"disable","show_transition":{"duration":0},"visible":true}]},"sync":0,"versioned_id":"group","volume":1.0},{"balance":0.5,"deinterlace_field_order":0,"deinterlace_mode":0,"enabled":true,"filters":[{"balance":0.5,"deinterlace_field_order":0,"deinterlace_mode":0,"enabled":true,"flags":0,"hotkeys":{},"id":"color_filter","mixers":0,"monitoring_type":0,"muted":false,"name":"Opacity","prev_ver":453050371,"private_settings":{},"push-to-mute":false,"push-to-mute-delay":0,"push-to-talk":false,"push-to-talk-delay":0,"settings":{"opacity":0.29999999999999999},"sync":0,"versioned_id":"color_filter_v2","volume":1.0}],"flags":0,"hotkeys":{},"id":"image_source","mixers":0,"monitoring_type":0,"muted":false,"name":"IcecicleL","prev_ver":453050371,"private_settings":{},"push-to-mute":false,"push-to-mute-delay":0,"push-to-talk":false,"push-to-talk-delay":0,"settings":{"file":"G:/Streaming_Assets/Effects/IcecicleL.png","linear_alpha":false,"unload":true},"sync":0,"versioned_id":"image_source","volume":1.0},{"balance":0.5,"deinterlace_field_order":0,"deinterlace_mode":0,"enabled":true,"flags":0,"hotkeys":{},"id":"text_gdiplus","mixers":0,"monitoring_type":0,"muted":false,"name":"Vote1TXT","prev_ver":453050371,"private_settings":{},"push-to-mute":false,"push-to-mute-delay":0,"push-to-talk":false,"push-to-talk-delay":0,"settings":{"align":"left","antialiasing":true,"bk_color":0,"bk_opacity":0,"chatlog":false,"chatlog_lines":6,"color":4283124530,"extents_cx":100,"extents_cy":100,"extents_wrap":true,"file":"C:/Vote/textdb/vote1count.txt","font":{"face":"Funkrocker","flags":0,"size":128,"style":"Regular"},"gradient_color":16777215,"gradient_dir":90.0,"gradient_opacity":100,"opacity":50,"outline":true,"outline_color":4278190080,"outline_opacity":100,"outline_size":4,"read_from_file":true,"text":"2","transform":0,"valign":"top"},"sync":0,"versioned_id":"text_gdiplus_v2","volume":1.0},{"balance":0.5,"deinterlace_field_order":0,"deinterlace_mode":0,"enabled":true,"flags":0,"hotkeys":{},"id":"text_gdiplus","mixers":0,"monitoring_type":0,"muted":false,"name":"VoteYesTXT","prev_ver":453050371,"private_settings":{},"push-to-mute":false,"push-to-mute-delay":0,"push-to-talk":false,"push-to-talk-delay":0,"settings":{"align":"left","antialiasing":true,"bk_color":0,"bk_opacity":0,"chatlog_lines":6,"color":16777215,"extents_cx":100,"extents_cy":100,"extents_wrap":true,"font":{"face":"Nunito Black","flags":1,"size":72,"style":"Regular"},"gradient_color":16777215,"gradient_dir":90.0,"gradient_opacity":100,"opacity":100,"outline":true,"outline_color":4286327562,"outline_opacity":100,"outline_size":8,"text":"YES","transform":0,"valign":"top"},"sync":0,"versioned_id":"text_gdiplus_v2","volume":1.0},{"balance":0.5,"deinterlace_field_order":0,"deinterlace_mode":0,"enabled":true,"flags":0,"hotkeys":{"libobs.hide_scene_item.IcecicleL":[],"libobs.hide_scene_item.Vote1TXT":[],"libobs.hide_scene_item.VoteYesTXT":[],"libobs.show_scene_item.IcecicleL":[],"libobs.show_scene_item.Vote1TXT":[],"libobs.show_scene_item.VoteYesTXT":[]},"id":"group","mixers":0,"monitoring_type":0,"muted":false,"name":"Vote Icecicle L","prev_ver":453050371,"private_settings":{},"push-to-mute":false,"push-to-mute-delay":0,"push-to-talk":false,"push-to-talk-delay":0,"settings":{"custom_size":true,"cx":339,"cy":282,"id_counter":0,"items":[{"align":5,"bounds":{"x":0.0,"y":0.0},"bounds_align":0,"bounds_type":0,"crop_bottom":0,"crop_left":0,"crop_right":0,"crop_top":0,"group_item_backup":false,"hide_transition":{"duration":0},"id":14,"locked":true,"name":"IcecicleL","pos":{"x":0.0,"y":0.0},"private_settings":{},"rot":0.0,"scale":{"x":0.57608693838119507,"y":0.57667934894561768},"scale_filter":"disable","show_transition":{"duration":0},"visible":true},{"align":0,"bounds":{"x":175.0,"y":150.0},"bounds_align":0,"bounds_type":6,"crop_bottom":0,"crop_left":0,"crop_right":55,"crop_top":0,"group_item_backup":false,"hide_transition":{"duration":0},"id":8,"locked":true,"name":"Vote1TXT","pos":{"x":251.0,"y":132.0},"private_settings":{},"rot":0.0,"scale":{"x":1.3452918529510498,"y":1.3453234434127808},"scale_filter":"disable","show_transition":{"duration":0},"visible":true},{"align":5,"bounds":{"x":1.0,"y":1.0},"bounds_align":0,"bounds_type":0,"crop_bottom":0,"crop_left":0,"crop_right":0,"crop_top":0,"group_item_backup":false,"hide_transition":{"duration":0},"id":22,"locked":true,"name":"VoteYesTXT","pos":{"x":187.0,"y":211.0},"private_settings":{},"rot":-25.0,"scale":{"x":1.0,"y":1.0},"scale_filter":"disable","show_transition":{"duration":0},"visible":true}]},"sync":0,"versioned_id":"group","volume":1.0},{"balance":0.5,"deinterlace_field_order":0,"deinterlace_mode":0,"enabled":true,"flags":0,"hotkeys":{},"id":"text_gdiplus","mixers":0,"monitoring_type":0,"muted":false,"name":"VoteTXT","prev_ver":453050371,"private_settings":{},"push-to-mute":false,"push-to-mute-delay":0,"push-to-talk":false,"push-to-talk-delay":0,"settings":{"color":4294967124,"font":{"face":"Panton Narrow Black Caps","flags":0,"size":60,"style":"Black Caps"},"outline":true,"outline_color":4286327562,"outline_size":8,"text":" 1   VOTE   2"},"sync":0,"versioned_id":"text_gdiplus_v2","volume":1.0},{"balance":0.5,"deinterlace_field_order":0,"deinterlace_mode":0,"enabled":true,"flags":0,"hotkeys":{},"id":"text_gdiplus","mixers":0,"monitoring_type":0,"muted":false,"name":"VoteInstrTXT","prev_ver":453050371,"private_settings":{},"push-to-mute":false,"push-to-mute-delay":0,"push-to-talk":false,"push-to-talk-delay":0,"settings":{"align":"left","antialiasing":true,"bk_color":0,"bk_opacity":0,"chatlog_lines":6,"color":4294967124,"extents_cx":100,"extents_cy":100,"extents_wrap":true,"font":{"face":"Nunito ExtraBold","flags":1,"size":40,"style":"Regular"},"gradient_color":16777215,"gradient_dir":90.0,"gradient_opacity":100,"opacity":100,"outline":true,"outline_color":4286327562,"outline_opacity":100,"outline_size":8,"text":"PRESS: 1 FOR YES - 2 FOR NO","transform":0,"valign":"top"},"sync":0,"versioned_id":"text_gdiplus_v2","volume":1.0},{"balance":0.5,"deinterlace_field_order":0,"deinterlace_mode":0,"enabled":true,"flags":0,"hotkeys":{},"id":"text_gdiplus","mixers":0,"monitoring_type":0,"muted":false,"name":"VoteQSTN","prev_ver":453050371,"private_settings":{},"push-to-mute":false,"push-to-mute-delay":0,"push-to-talk":false,"push-to-talk-delay":0,"settings":{"color":4294967124,"font":{"face":"Panton Narrow Black Caps","flags":0,"size":60,"style":"Black Caps"},"outline":true,"outline_color":4286327562,"outline_size":8,"text":"is ecto going to die?"},"sync":0,"versioned_id":"text_gdiplus_v2","volume":1.0},{"balance":0.5,"deinterlace_field_order":0,"deinterlace_mode":0,"enabled":true,"filters":[{"balance":0.5,"deinterlace_field_order":0,"deinterlace_mode":0,"enabled":false,"flags":0,"hotkeys":{},"id":"move_source_filter","mixers":0,"monitoring_type":0,"muted":false,"name":"IcecicleL Up","prev_ver":453050371,"private_settings":{},"push-to-mute":false,"push-to-mute-delay":0,"push-to-talk":false,"push-to-talk-delay":0,"settings":{"bounds":{"x":0.0,"x_sign":" ","y":0.0,"y_sign":" "},"crop":{"bottom":0.0,"bottom_sign":" ","left":0.0,"left_sign":" ","right":0.0,"right_sign":" ","top":0.0,"top_sign":" "},"easing_function_match":1,"pos":{"x":618.0,"x_sign":" ","y":-455.0,"y_sign":" "},"rot":0.0,"rot_sign":" ","scale":{"x":1.0,"x_sign":" ","y":1.0,"y_sign":" "},"source":"Vote Icecicle L","transform_text":"pos: x 618.0 y -455.0 rot: 0.0 scale: x 1.000 y 1.000 crop: l 0 t 0 r 0 b 0"},"sync":0,"versioned_id":"move_source_filter","volume":1.0},{"balance":0.5,"deinterlace_field_order":0,"deinterlace_mode":0,"enabled":false,"flags":0,"hotkeys":{},"id":"move_source_filter","mixers":0,"monitoring_type":0,"muted":false,"name":"IcecicleL Down","prev_ver":453050371,"private_settings":{},"push-to-mute":false,"push-to-mute-delay":0,"push-to-talk":false,"push-to-talk-delay":0,"settings":{"bounds":{"x":0.0,"x_sign":" ","y":0.0,"y_sign":" "},"crop":{"bottom":0.0,"bottom_sign":" ","left":0.0,"left_sign":" ","right":0.0,"right_sign":" ","top":0.0,"top_sign":" "},"duration":800,"easing_function_match":9,"pos":{"x":618.0,"x_sign":" ","y":-8.0,"y_sign":" "},"rot":0.0,"rot_sign":" ","scale":{"x":1.0,"x_sign":" ","y":1.0,"y_sign":" "},"source":"Vote Icecicle L","transform_text":"pos: x 618.0 y -8.0 rot: 0.0 scale: x 1.000 y 1.000 crop: l 0 t 0 r 0 b 0"},"sync":0,"versioned_id":"move_source_filter","volume":1.0},{"balance":0.5,"deinterlace_field_order":0,"deinterlace_mode":0,"enabled":false,"flags":0,"hotkeys":{},"id":"move_source_filter","mixers":0,"monitoring_type":0,"muted":false,"name":"IcecicleL Fall","prev_ver":453050371,"private_settings":{},"push-to-mute":false,"push-to-mute-delay":0,"push-to-talk":false,"push-to-talk-delay":0,"settings":{"bounds":{"x":0.0,"x_sign":" ","y":0.0,"y_sign":" "},"crop":{"bottom":0.0,"bottom_sign":" ","left":0.0,"left_sign":" ","right":0.0,"right_sign":" ","top":0.0,"top_sign":" "},"duration":800,"easing_function_match":8,"easing_match":1,"pos":{"x":618.0,"x_sign":" ","y":1082.0,"y_sign":" "},"rot":0.0,"rot_sign":" ","scale":{"x":1.0,"x_sign":" ","y":1.0,"y_sign":" "},"source":"Vote Icecicle L","transform_text":"pos: x 618.0 y 1082.0 rot: 0.0 scale: x 1.000 y 1.000 crop: l 0 t 0 r 0 b 0"},"sync":0,"versioned_id":"move_source_filter","volume":1.0},{"balance":0.5,"deinterlace_field_order":0,"deinterlace_mode":0,"enabled":false,"flags":0,"hotkeys":{},"id":"move_source_filter","mixers":0,"monitoring_type":0,"muted":false,"name":"IcecicleR Up","prev_ver":453050371,"private_settings":{},"push-to-mute":false,"push-to-mute-delay":0,"push-to-talk":false,"push-to-talk-delay":0,"settings":{"bounds":{"x":0.0,"x_sign":" ","y":0.0,"y_sign":" "},"crop":{"bottom":0.0,"bottom_sign":" ","left":0.0,"left_sign":" ","right":0.0,"right_sign":" ","top":0.0,"top_sign":" "},"easing_function_match":1,"easing_match":3,"pos":{"x":931.0,"x_sign":" ","y":-455.0,"y_sign":" "},"rot":0.0,"rot_sign":" ","scale":{"x":1.0,"x_sign":" ","y":1.0,"y_sign":" "},"source":"Vote Icecicle R","transform_text":"pos: x 931.0 y -455.0 rot: 0.0 scale: x 1.000 y 1.000 crop: l 0 t 0 r 0 b 0"},"sync":0,"versioned_id":"move_source_filter","volume":1.0},{"balance":0.5,"deinterlace_field_order":0,"deinterlace_mode":0,"enabled":false,"flags":0,"hotkeys":{},"id":"move_source_filter","mixers":0,"monitoring_type":0,"muted":false,"name":"IcecicleR Down","prev_ver":453050371,"private_settings":{},"push-to-mute":false,"push-to-mute-delay":0,"push-to-talk":false,"push-to-talk-delay":0,"settings":{"bounds":{"x":0.0,"x_sign":" ","y":0.0,"y_sign":" "},"crop":{"bottom":0.0,"bottom_sign":" ","left":0.0,"left_sign":" ","right":0.0,"right_sign":" ","top":0.0,"top_sign":" "},"duration":850,"easing_function_match":9,"pos":{"x":931.0,"x_sign":" ","y":-8.0,"y_sign":" "},"rot":0.0,"rot_sign":" ","scale":{"x":1.0,"x_sign":" ","y":1.0,"y_sign":" "},"source":"Vote Icecicle R","transform_text":"pos: x 931.0 y -8.0 rot: 0.0 scale: x 1.000 y 1.000 crop: l 0 t 0 r 0 b 0"},"sync":0,"versioned_id":"move_source_filter","volume":1.0},{"balance":0.5,"deinterlace_field_order":0,"deinterlace_mode":0,"enabled":false,"flags":0,"hotkeys":{},"id":"move_source_filter","mixers":0,"monitoring_type":0,"muted":false,"name":"IcecicleR Fall","prev_ver":453050371,"private_settings":{},"push-to-mute":false,"push-to-mute-delay":0,"push-to-talk":false,"push-to-talk-delay":0,"settings":{"bounds":{"x":0.0,"x_sign":" ","y":0.0,"y_sign":" "},"crop":{"bottom":0.0,"bottom_sign":" ","left":0.0,"left_sign":" ","right":0.0,"right_sign":" ","top":0.0,"top_sign":" "},"curve_match":0.0,"duration":750,"easing_function_match":8,"easing_match":1,"pos":{"x":931.0,"x_sign":" ","y":1082.0,"y_sign":" "},"rot":0.0,"rot_sign":" ","scale":{"x":1.0,"x_sign":" ","y":1.0,"y_sign":" "},"source":"Vote Icecicle R","transform_text":"pos: x 931.0 y 1082.0 rot: 0.0 scale: x 1.000 y 1.000 crop: l 0 t 0 r 0 b 0"},"sync":0,"versioned_id":"move_source_filter","volume":1.0},{"balance":0.5,"deinterlace_field_order":0,"deinterlace_mode":0,"enabled":false,"flags":0,"hotkeys":{},"id":"move_source_filter","mixers":0,"monitoring_type":0,"muted":false,"name":"IcecicleM Up","prev_ver":453050371,"private_settings":{},"push-to-mute":false,"push-to-mute-delay":0,"push-to-talk":false,"push-to-talk-delay":0,"settings":{"bounds":{"x":0.0,"x_sign":" ","y":0.0,"y_sign":" "},"crop":{"bottom":0.0,"bottom_sign":" ","left":0.0,"left_sign":" ","right":0.0,"right_sign":" ","top":0.0,"top_sign":" "},"duration":300,"easing_function_match":1,"pos":{"x":750.0,"x_sign":" ","y":-789.0,"y_sign":" "},"rot":0.0,"rot_sign":" ","scale":{"x":1.0,"x_sign":" ","y":1.0,"y_sign":" "},"source":"IcecicleM","transform_text":"pos: x 750.0 y -789.0 rot: 0.0 scale: x 1.000 y 1.000 crop: l 0 t 0 r 0 b 0"},"sync":0,"versioned_id":"move_source_filter","volume":1.0},{"balance":0.5,"deinterlace_field_order":0,"deinterlace_mode":0,"enabled":false,"flags":0,"hotkeys":{},"id":"move_source_filter","mixers":0,"monitoring_type":0,"muted":false,"name":"IcecicleM Down","prev_ver":453050371,"private_settings":{},"push-to-mute":false,"push-to-mute-delay":0,"push-to-talk":false,"push-to-talk-delay":0,"settings":{"bounds":{"x":0.0,"x_sign":" ","y":0.0,"y_sign":" "},"crop":{"bottom":0.0,"bottom_sign":" ","left":0.0,"left_sign":" ","right":0.0,"right_sign":" ","top":0.0,"top_sign":" "},"duration":900,"easing_function_match":9,"pos":{"x":750.0,"x_sign":" ","y":-274.0,"y_sign":" "},"rot":0.0,"rot_sign":" ","scale":{"x":1.0,"x_sign":" ","y":1.0,"y_sign":" "},"source":"IcecicleM","transform_text":"pos: x 750.0 y -274.0 rot: 0.0 scale: x 1.000 y 1.000 crop: l 0 t 0 r 0 b 0"},"sync":0,"versioned_id":"move_source_filter","volume":1.0},{"balance":0.5,"deinterlace_field_order":0,"deinterlace_mode":0,"enabled":false,"flags":0,"hotkeys":{},"id":"move_source_filter","mixers":0,"monitoring_type":0,"muted":false,"name":"IcecicleM Fall","prev_ver":453050371,"private_settings":{},"push-to-mute":false,"push-to-mute-delay":0,"push-to-talk":false,"push-to-talk-delay":0,"settings":{"bounds":{"x":0.0,"x_sign":" ","y":0.0,"y_sign":" "},"crop":{"bottom":0.0,"bottom_sign":" ","left":0.0,"left_sign":" ","right":0.0,"right_sign":" ","top":0.0,"top_sign":" "},"duration":700,"easing_function_match":8,"easing_match":1,"pos":{"x":750.0,"x_sign":" ","y":1082.0,"y_sign":" "},"rot":0.0,"rot_sign":" ","scale":{"x":1.0,"x_sign":" ","y":1.0,"y_sign":" "},"source":"IcecicleM","transform_text":"pos: x 750.0 y 1082.0 rot: 0.0 scale: x 1.000 y 1.000 crop: l 0 t 0 r 0 b 0"},"sync":0,"versioned_id":"move_source_filter","volume":1.0}],"flags":0,"hotkeys":{"OBSBasic.SelectScene":[],"libobs.hide_scene_item.IcecicleM":[],"libobs.hide_scene_item.Vote Icecicle L":[],"libobs.hide_scene_item.Vote Icecicle R":[],"libobs.hide_scene_item.VoteInstrTXT":[],"libobs.hide_scene_item.VoteQSTN":[],"libobs.hide_scene_item.VoteTXT":[],"libobs.show_scene_item.IcecicleM":[],"libobs.show_scene_item.Vote Icecicle L":[],"libobs.show_scene_item.Vote Icecicle R":[],"libobs.show_scene_item.VoteInstrTXT":[],"libobs.show_scene_item.VoteQSTN":[],"libobs.show_scene_item.VoteTXT":[]},"id":"scene","mixers":0,"monitoring_type":0,"muted":false,"name":"---Popups","prev_ver":453050371,"private_settings":{},"push-to-mute":false,"push-to-mute-delay":0,"push-to-talk":false,"push-to-talk-delay":0,"settings":{"custom_size":false,"id_counter":26,"items":[{"align":5,"bounds":{"x":0.0,"y":0.0},"bounds_align":0,"bounds_type":0,"crop_bottom":0,"crop_left":0,"crop_right":0,"crop_top":0,"group_item_backup":false,"hide_transition":{"duration":0},"id":18,"locked":true,"name":"IcecicleM","pos":{"x":750.0,"y":-789.0},"private_settings":{},"rot":0.0,"scale":{"x":1.0,"y":1.0},"scale_filter":"disable","show_transition":{"duration":0},"visible":false},{"align":5,"bounds":{"x":0.0,"y":0.0},"bounds_align":0,"bounds_type":0,"crop_bottom":0,"crop_left":0,"crop_right":0,"crop_top":0,"group_item_backup":true,"hide_transition":{"duration":0},"id":16,"locked":true,"name":"IcecicleR","pos":{"x":1276.0,"y":-455.0},"private_settings":{},"rot":0.0,"scale":{"x":-0.57608693838119507,"y":0.57667934894561768},"scale_filter":"disable","show_transition":{"duration":0},"visible":true},{"align":0,"bounds":{"x":175.0,"y":150.0},"bounds_align":0,"bounds_type":6,"crop_bottom":0,"crop_left":0,"crop_right":55,"crop_top":0,"group_item_backup":true,"hide_transition":{"duration":0},"id":13,"locked":true,"name":"Vote2TXT","pos":{"x":1018.0,"y":-323.0},"private_settings":{},"rot":0.0,"scale":{"x":1.5957446098327637,"y":1.4609378576278687},"scale_filter":"disable","show_transition":{"duration":0},"visible":true},{"align":5,"bounds":{"x":1.0,"y":1.0},"bounds_align":0,"bounds_type":0,"crop_bottom":0,"crop_left":0,"crop_right":0,"crop_top":0,"group_item_backup":true,"hide_transition":{"duration":0},"id":23,"locked":true,"name":"VoteNoTXT","pos":{"x":1007.0,"y":-282.0},"private_settings":{},"rot":25.0,"scale":{"x":1.0,"y":1.0},"scale_filter":"disable","show_transition":{"duration":0},"visible":true},{"align":5,"bounds":{"x":0.0,"y":0.0},"bounds_align":0,"bounds_type":0,"crop_bottom":0,"crop_left":0,"crop_right":0,"crop_top":0,"group_item_backup":false,"hide_transition":{"duration":0},"id":25,"locked":true,"name":"Vote Icecicle R","pos":{"x":931.0,"y":-455.0},"private_settings":{"collapsed":false},"rot":0.0,"scale":{"x":1.0,"y":1.0},"scale_filter":"disable","show_transition":{"duration":0},"visible":false},{"align":5,"bounds":{"x":0.0,"y":0.0},"bounds_align":0,"bounds_type":0,"crop_bottom":0,"crop_left":0,"crop_right":0,"crop_top":0,"group_item_backup":true,"hide_transition":{"duration":0},"id":14,"locked":true,"name":"IcecicleL","pos":{"x":618.0,"y":-455.0},"private_settings":{},"rot":0.0,"scale":{"x":0.57608693838119507,"y":0.57667934894561768},"scale_filter":"disable","show_transition":{"duration":0},"visible":true},{"align":0,"bounds":{"x":175.0,"y":150.0},"bounds_align":0,"bounds_type":6,"crop_bottom":0,"crop_left":0,"crop_right":55,"crop_top":0,"group_item_backup":true,"hide_transition":{"duration":0},"id":8,"locked":true,"name":"Vote1TXT","pos":{"x":869.0,"y":-323.0},"private_settings":{},"rot":0.0,"scale":{"x":1.3452918529510498,"y":1.3453234434127808},"scale_filter":"disable","show_transition":{"duration":0},"visible":true},{"align":5,"bounds":{"x":1.0,"y":1.0},"bounds_align":0,"bounds_type":0,"crop_bottom":0,"crop_left":0,"crop_right":0,"crop_top":0,"group_item_backup":true,"hide_transition":{"duration":0},"id":22,"locked":true,"name":"VoteYesTXT","pos":{"x":805.0,"y":-244.0},"private_settings":{},"rot":-25.0,"scale":{"x":1.0,"y":1.0},"scale_filter":"disable","show_transition":{"duration":0},"visible":true},{"align":5,"bounds":{"x":0.0,"y":0.0},"bounds_align":0,"bounds_type":0,"crop_bottom":0,"crop_left":0,"crop_right":0,"crop_top":0,"group_item_backup":false,"hide_transition":{"duration":0},"id":24,"locked":true,"name":"Vote Icecicle L","pos":{"x":618.0,"y":-455.0},"private_settings":{"collapsed":false},"rot":0.0,"scale":{"x":1.0,"y":1.0},"scale_filter":"disable","show_transition":{"duration":0},"visible":false},{"align":5,"bounds":{"x":0.0,"y":0.0},"bounds_align":0,"bounds_type":0,"crop_bottom":0,"crop_left":0,"crop_right":0,"crop_top":0,"group_item_backup":false,"hide_transition":{"duration":0},"id":19,"locked":true,"name":"VoteTXT","pos":{"x":842.0,"y":26.0},"private_settings":{},"rot":0.0,"scale":{"x":1.0,"y":1.0},"scale_filter":"disable","show_transition":{"duration":0},"visible":false},{"align":5,"bounds":{"x":0.0,"y":0.0},"bounds_align":0,"bounds_type":0,"crop_bottom":0,"crop_left":0,"crop_right":0,"crop_top":0,"group_item_backup":false,"hide_transition":{"duration":0},"id":21,"locked":true,"name":"VoteInstrTXT","pos":{"x":748.0,"y":-2.0},"private_settings":{},"rot":0.0,"scale":{"x":1.0,"y":1.0},"scale_filter":"disable","show_transition":{"duration":0},"visible":false},{"align":0,"bounds":{"x":1921.0,"y":74.0},"bounds_align":0,"bounds_type":6,"crop_bottom":0,"crop_left":0,"crop_right":0,"crop_top":0,"group_item_backup":false,"hide_transition":{"duration":0},"id":26,"locked":true,"name":"VoteQSTN","pos":{"x":960.0,"y":292.0},"private_settings":{},"rot":0.0,"scale":{"x":1.0,"y":1.0},"scale_filter":"disable","show_transition":{"duration":0},"visible":false}]},"sync":0,"versioned_id":"scene","volume":1.0}]}